{
    "dataRoles": [
        {
            "displayName": "Category",
            "displayNameKey": "Visual_Category",
            "name": "Category",
            "kind": "Grouping"
        },
        {
            "displayName": "Y Axis",
            "displayNameKey": "Visual_YAxis",
            "name": "Y",
            "kind": "Measure"
        }
    ],
    "dataViewMappings": [
        {
            "conditions": [
                {
                    "Category": {
                        "min": 0,
                        "max": 1
                    }
                }
            ],
            "categorical": {
                "categories": {
                    "for": {
                        "in": "Category"
                    },
                    "dataReductionAlgorithm": {
                        "top": {}
                    }
                },
                "values": {
                    "select": [
                        {
                            "bind": {
                                "to": "Y"
                            }
                        }
                    ]
                }
            }
        }
    ],
    "objects": {
        "legend": {
            "properties": {
                "show": {
                    "type": {
                        "bool": true
                    }
                },
                "showTitle": {
                    "type": {
                        "bool": true
                    }
                },
                "titleText": {
                    "type": {
                        "text": true
                    },
                    "suppressFormatPainterCopy": true
                },
                "labelColor": {
                    "type": {
                        "fill": {
                            "solid": {
                                "color": true
                            }
                        }
                    }
                },
                "fontSize": {
                    "type": {
                        "formatting": {
                            "fontSize": true
                        }
                    }
                },
                "fontFamily": {
                    "type": {
                        "formatting": {
                            "fontFamily": true
                        }
                    }
                },
                "fontBold": {
                    "type": {
                        "bool": true
                    }
                },
                "fontItalic": {
                    "type": {
                        "bool": true
                    }
                },
                "fontUnderline": {
                    "type": {
                        "bool": true
                    }
                },
                "position": {
                    "type": {
                        "enumeration": []
                    }
                }
            }
        },
        "dataPoint": {
            "properties": {
                "fill": {
                    "type": {
                        "fill": {
                            "solid": {
                                "color": true
                            }
                        }
                    }
                }
            }
        },
        "line": {
            "properties": {
                "show": {
                    "type": {
                        "bool": true
                    }
                },
                "lineWidth": {
                    "type": {
                        "numeric": true
                    }
                }
            }
        },
        "displaySettings": {
            "properties": {
                "minValue": {
                    "type": {
                        "numeric": true
                    }
                },
                "axisBeginning": {
                    "type": {
                        "enumeration": []
                    }
                }
            }
        },
        "labels": {
            "properties": {
                "show": {
                    "type": {
                        "bool": true
                    }
                },
                "color": {
                    "type": {
                        "fill": {
                            "solid": {
                                "color": true
                            }
                        }
                    }
                },
                "fontSize": {
                    "type": {
                        "formatting": {
                            "fontSize": true
                        }
                    }
                },
                "fontFamily": {
                    "type": {
                        "formatting": {
                            "fontFamily": true
                        }
                    }
                },
                "fontBold": {
                    "type": {
                        "bool": true
                    }
                },
                "fontItalic": {
                    "type": {
                        "bool": true
                    }
                },
                "fontUnderline": {
                    "type": {
                        "bool": true
                    }
                }
            }
        }
    },
    "supportsHighlight": true,
    "supportsKeyboardFocus": true,
    "sorting": {
        "default": {}
    },
    "privileges": [],
    "supportsOnObjectFormatting": true,
    "enablePointerEventsFormatMode": true
}